countryCode,id,name,code,startDate,endDate,year,clusterCode,cluster,requirements,funding,percentFunded
#country+code,#activity+appeal+id+fts_internal,#activity+appeal+name,#activity+appeal+id+external,#date+start,#date+end,#date+year,#sector+cluster+code,#sector+cluster+name,#value+funding+required+usd,#value+funding+total+usd,#value+funding+pct
AFG,1100,Afghanistan Humanitarian Response Plan 2022,HAFG22,2022-01-01,2022-12-31,2022,6646,Aviation,85000000,11334190,13
AFG,1100,Afghanistan Humanitarian Response Plan 2022,HAFG22,2022-01-01,2022-12-31,2022,6647,Coordination and Common Services,25600000,37029168,145
AFG,1100,Afghanistan Humanitarian Response Plan 2022,HAFG22,2022-01-01,2022-12-31,2022,6639,Education,162100000,190192842,117
AFG,1100,Afghanistan Humanitarian Response Plan 2022,HAFG22,2022-01-01,2022-12-31,2022,6640,Emergency Shelter and NFI,374000000,94689142,25
AFG,1100,Afghanistan Humanitarian Response Plan 2022,HAFG22,2022-01-01,2022-12-31,2022,6641,Food Security and Agriculture,2660000000,1061436464,40
AFG,1100,Afghanistan Humanitarian Response Plan 2022,HAFG22,2022-01-01,2022-12-31,2022,6642,Health,378000000,171899680,45
AFG,1100,Afghanistan Humanitarian Response Plan 2022,HAFG22,2022-01-01,2022-12-31,2022,6643,Nutrition,287400000,203376724,71
AFG,1100,Afghanistan Humanitarian Response Plan 2022,HAFG22,2022-01-01,2022-12-31,2022,6644,Protection,137300000,104429219,76
AFG,1100,Afghanistan Humanitarian Response Plan 2022,HAFG22,2022-01-01,2022-12-31,2022,6645,"Water, Sanitation and Hygiene",332800000,73187900,22
AFG,1100,Afghanistan Humanitarian Response Plan 2022,HAFG22,2022-01-01,2022-12-31,2022,,Not specified,,185787196,
AFG,1100,Afghanistan Humanitarian Response Plan 2022,HAFG22,2022-01-01,2022-12-31,2022,,Multiple clusters/sectors (shared),,239796770,
AFG,1031,Afghanistan Humanitarian Response Plan 2021,HAFG21,2021-01-01,2021-12-31,2021,5978,Aviation,9000000,6846379,76
AFG,1031,Afghanistan Humanitarian Response Plan 2021,HAFG21,2021-01-01,2021-12-31,2021,5977,Coordination and Common Services,4260000,10745579,252
AFG,1031,Afghanistan Humanitarian Response Plan 2021,HAFG21,2021-01-01,2021-12-31,2021,5970,Education in Emergencies,76540000,16153529,21
AFG,1031,Afghanistan Humanitarian Response Plan 2021,HAFG21,2021-01-01,2021-12-31,2021,5971,Emergency Shelter and NFI,85900000,15986525,19
AFG,1031,Afghanistan Humanitarian Response Plan 2021,HAFG21,2021-01-01,2021-12-31,2021,5972,Food Security and Agriculture,351300000,280950624,80
AFG,1031,Afghanistan Humanitarian Response Plan 2021,HAFG21,2021-01-01,2021-12-31,2021,5973,Health,118000000,80623181,68
AFG,1031,Afghanistan Humanitarian Response Plan 2021,HAFG21,2021-01-01,2021-12-31,2021,5974,Nutrition,82099078,141849836,173
AFG,1031,Afghanistan Humanitarian Response Plan 2021,HAFG21,2021-01-01,2021-12-31,2021,5975,Protection,79367405,49750930,63
AFG,1031,Afghanistan Humanitarian Response Plan 2021,HAFG21,2021-01-01,2021-12-31,2021,5976,"Water, Sanitation and Hygiene",62200000,32894254,53
AFG,1031,Afghanistan Humanitarian Response Plan 2021,HAFG21,2021-01-01,2021-12-31,2021,,Not specified,,208418187,
AFG,1031,Afghanistan Humanitarian Response Plan 2021,HAFG21,2021-01-01,2021-12-31,2021,,Multiple clusters/sectors (shared),,122820460,
AFG,1057,Afghanistan Flash Appeal 2021,FAFG21,2021-09-01,2021-12-31,2021,6303,Aviation,40700000,12411391,30
AFG,1057,Afghanistan Flash Appeal 2021,FAFG21,2021-09-01,2021-12-31,2021,6302,Coordination and Support Services,13700000,4476760,33
AFG,1057,Afghanistan Flash Appeal 2021,FAFG21,2021-09-01,2021-12-31,2021,6295,Education in Emergencies,12708400,9630631,76
AFG,1057,Afghanistan Flash Appeal 2021,FAFG21,2021-09-01,2021-12-31,2021,6296,Emergency Shelter and NFI,35000000,31691807,91
AFG,1057,Afghanistan Flash Appeal 2021,FAFG21,2021-09-01,2021-12-31,2021,6297,Food Security and Agriculture,270000000,353406518,131
AFG,1057,Afghanistan Flash Appeal 2021,FAFG21,2021-09-01,2021-12-31,2021,6298,Health,66000000,102451848,155
AFG,1057,Afghanistan Flash Appeal 2021,FAFG21,2021-09-01,2021-12-31,2021,6299,Nutrition,56279763,111081404,197
AFG,1057,Afghanistan Flash Appeal 2021,FAFG21,2021-09-01,2021-12-31,2021,6300,Protection,45373000,44346978,98
AFG,1057,Afghanistan Flash Appeal 2021,FAFG21,2021-09-01,2021-12-31,2021,6301,"Water, Sanitation and Hygiene",66500000,5167,0
AFG,1057,Afghanistan Flash Appeal 2021,FAFG21,2021-09-01,2021-12-31,2021,,Not specified,,336543013,
AFG,1057,Afghanistan Flash Appeal 2021,FAFG21,2021-09-01,2021-12-31,2021,,Multiple clusters/sectors (shared),,75045348,
AFG,929,Afghanistan 2020,HAFG20,2020-01-01,2020-12-31,2020,5253,Aviation,25000000,7982215,32
AFG,929,Afghanistan 2020,HAFG20,2020-01-01,2020-12-31,2020,5404,Aviation COVID-19,,3000000,
AFG,929,Afghanistan 2020,HAFG20,2020-01-01,2020-12-31,2020,5254,Coordination,14939040,5077130,34
AFG,929,Afghanistan 2020,HAFG20,2020-01-01,2020-12-31,2020,5400,Coordination COVID-19,,1204624,
AFG,929,Afghanistan 2020,HAFG20,2020-01-01,2020-12-31,2020,5130,Education in Emergencies,47281253,15200025,32
AFG,929,Afghanistan 2020,HAFG20,2020-01-01,2020-12-31,2020,5401,Education in Emergencies COVID-19,20823000,355645,2
AFG,929,Afghanistan 2020,HAFG20,2020-01-01,2020-12-31,2020,5247,Emergency Shelter and NFIs,55442757,24652964,44
AFG,929,Afghanistan 2020,HAFG20,2020-01-01,2020-12-31,2020,5407,Emergency Shelter and NFIs COVID-19,67456238,0,0
AFG,929,Afghanistan 2020,HAFG20,2020-01-01,2020-12-31,2020,5248,Food Security,309581740,115436026,37
AFG,929,Afghanistan 2020,HAFG20,2020-01-01,2020-12-31,2020,5402,Food Security COVID-19,60743080,48240976,79
AFG,929,Afghanistan 2020,HAFG20,2020-01-01,2020-12-31,2020,5249,Health,63476220,14463659,23
AFG,929,Afghanistan 2020,HAFG20,2020-01-01,2020-12-31,2020,5403,Health COVID-19,107614298,40736144,38
AFG,929,Afghanistan 2020,HAFG20,2020-01-01,2020-12-31,2020,5250,Nutrition,72495783,27379188,38
AFG,929,Afghanistan 2020,HAFG20,2020-01-01,2020-12-31,2020,5405,Nutrition COVID-19,42149424,7956832,19
AFG,929,Afghanistan 2020,HAFG20,2020-01-01,2020-12-31,2020,5251,Protection,62341224,51098513,82
AFG,929,Afghanistan 2020,HAFG20,2020-01-01,2020-12-31,2020,5406,Protection COVID-19,29534365,9011199,31
AFG,929,Afghanistan 2020,HAFG20,2020-01-01,2020-12-31,2020,5252,"Water, Sanitation and Hygiene",84803628,11592738,14
AFG,929,Afghanistan 2020,HAFG20,2020-01-01,2020-12-31,2020,5408,"Water, Sanitation and Hygiene COVID-19",67368770,10612818,16
AFG,929,Afghanistan 2020,HAFG20,2020-01-01,2020-12-31,2020,,Not specified,,160802158,
AFG,929,Afghanistan 2020,HAFG20,2020-01-01,2020-12-31,2020,,Multiple clusters/sectors (shared),,36088839,
AFG,672,Afghanistan 2019,HAFG19,2019-01-01,2019-12-31,2019,4375,Aviation,17802526,2739421,15
AFG,672,Afghanistan 2019,HAFG19,2019-01-01,2019-12-31,2019,4376,Coordination,18937000,6340560,33
AFG,672,Afghanistan 2019,HAFG19,2019-01-01,2019-12-31,2019,4377,Education in Emergencies WG,33817269,27112007,80
AFG,672,Afghanistan 2019,HAFG19,2019-01-01,2019-12-31,2019,4378,Emergency Shelter and NFI,48320965,31489430,65
AFG,672,Afghanistan 2019,HAFG19,2019-01-01,2019-12-31,2019,4379,Food Security and Agriculture,278792460,145339422,52
AFG,672,Afghanistan 2019,HAFG19,2019-01-01,2019-12-31,2019,4380,Health,51379002,36057493,70
AFG,672,Afghanistan 2019,HAFG19,2019-01-01,2019-12-31,2019,4381,Multi Purpose Cash,23930000,4857020,20
AFG,672,Afghanistan 2019,HAFG19,2019-01-01,2019-12-31,2019,4677,Multi-sectoral activities,,1736244,
AFG,672,Afghanistan 2019,HAFG19,2019-01-01,2019-12-31,2019,4382,Nutrition,57600000,39589330,69
AFG,672,Afghanistan 2019,HAFG19,2019-01-01,2019-12-31,2019,4383,Protection,44747161,18525488,41
AFG,672,Afghanistan 2019,HAFG19,2019-01-01,2019-12-31,2019,4384,"Water, Sanitation and Hygiene",36433603,20970532,58
AFG,672,Afghanistan 2019,HAFG19,2019-01-01,2019-12-31,2019,,Not specified,,102698857,
AFG,672,Afghanistan 2019,HAFG19,2019-01-01,2019-12-31,2019,,Multiple clusters/sectors (shared),,29264153,
AFG,645,Afghanistan 2018,HAFG18,2018-01-01,2018-12-31,2018,4088,Aviation,16390000,12225926,75
AFG,645,Afghanistan 2018,HAFG18,2018-01-01,2018-12-31,2018,4089,Coordination,15900000,20409148,128
AFG,645,Afghanistan 2018,HAFG18,2018-01-01,2018-12-31,2018,4097,Education in Emergencies WG,29685000,12357561,42
AFG,645,Afghanistan 2018,HAFG18,2018-01-01,2018-12-31,2018,4090,Emergency Shelter and NFI,52975538,22135836,42
AFG,645,Afghanistan 2018,HAFG18,2018-01-01,2018-12-31,2018,4091,Food Security and Agriculture,231000000,187639059,81
AFG,645,Afghanistan 2018,HAFG18,2018-01-01,2018-12-31,2018,4092,Health,48696240,17713900,36
AFG,645,Afghanistan 2018,HAFG18,2018-01-01,2018-12-31,2018,4093,Multi Purpose Cash,36400000,4080769,11
AFG,645,Afghanistan 2018,HAFG18,2018-01-01,2018-12-31,2018,4094,Nutrition,62370635,33575534,54
AFG,645,Afghanistan 2018,HAFG18,2018-01-01,2018-12-31,2018,4095,Protection,66505803,22651599,34
AFG,645,Afghanistan 2018,HAFG18,2018-01-01,2018-12-31,2018,4096,"Water, Sanitation and Hygiene",39000782,25069034,64
AFG,645,Afghanistan 2018,HAFG18,2018-01-01,2018-12-31,2018,,Not specified,,68315880,
AFG,645,Afghanistan 2018,HAFG18,2018-01-01,2018-12-31,2018,,Multiple clusters/sectors (shared),,41906869,
AFG,544,Afghanistan 2017,HAFG17,2017-01-01,2017-12-31,2017,205,Aviation,17000000,12742023,75
AFG,544,Afghanistan 2017,HAFG17,2017-01-01,2017-12-31,2017,206,Coordination,9500000,13779312,145
AFG,544,Afghanistan 2017,HAFG17,2017-01-01,2017-12-31,2017,3964,Education in Emergencies WG,40000000,1321353,3
AFG,544,Afghanistan 2017,HAFG17,2017-01-01,2017-12-31,2017,207,Emergency Shelter and NFI,35600000,18661212,52
AFG,544,Afghanistan 2017,HAFG17,2017-01-01,2017-12-31,2017,208,Food Security and Agriculture,65590000,83368135,127
AFG,544,Afghanistan 2017,HAFG17,2017-01-01,2017-12-31,2017,209,Health,30000000,24070845,80
AFG,544,Afghanistan 2017,HAFG17,2017-01-01,2017-12-31,2017,210,Multi Purpose Cash,64775000,25938725,40
AFG,544,Afghanistan 2017,HAFG17,2017-01-01,2017-12-31,2017,211,Nutrition,48000000,27474573,57
AFG,544,Afghanistan 2017,HAFG17,2017-01-01,2017-12-31,2017,212,Protection,54413760,29481076,54
AFG,544,Afghanistan 2017,HAFG17,2017-01-01,2017-12-31,2017,3965,Refugee Chapter,19535052,3388177,17
AFG,544,Afghanistan 2017,HAFG17,2017-01-01,2017-12-31,2017,213,"Water, Sanitation and Hygiene",25000000,9776526,39
AFG,544,Afghanistan 2017,HAFG17,2017-01-01,2017-12-31,2017,,Not specified,,69032991,
AFG,544,Afghanistan 2017,HAFG17,2017-01-01,2017-12-31,2017,,Multiple clusters/sectors (shared),,13333013,
AFG,512,Afghanistan 2016,HAFG16,2016-01-01,2016-12-31,2016,157,Aviation services,16400000,958019,6
AFG,512,Afghanistan 2016,HAFG16,2016-01-01,2016-12-31,2016,159,Cluster not yet specified,,1951220,
AFG,512,Afghanistan 2016,HAFG16,2016-01-01,2016-12-31,2016,158,Coordination,11500000,23301463,203
AFG,512,Afghanistan 2016,HAFG16,2016-01-01,2016-12-31,2016,150,Emergency shelter and NFIs,46645288,14039028,30
AFG,512,Afghanistan 2016,HAFG16,2016-01-01,2016-12-31,2016,151,Food security and agriculture,61056037,15431008,25
AFG,512,Afghanistan 2016,HAFG16,2016-01-01,2016-12-31,2016,152,Health,39782321,23451996,59
AFG,512,Afghanistan 2016,HAFG16,2016-01-01,2016-12-31,2016,156,Multipurpose cash/ IDPs/ multisector,21900858,441609,2
AFG,512,Afghanistan 2016,HAFG16,2016-01-01,2016-12-31,2016,153,Nutrition,68746962,67995723,99
AFG,512,Afghanistan 2016,HAFG16,2016-01-01,2016-12-31,2016,154,Protection,49659656,11267479,23
AFG,512,Afghanistan 2016,HAFG16,2016-01-01,2016-12-31,2016,155,WASH,23141902,5488040,24
AFG,512,Afghanistan 2016,HAFG16,2016-01-01,2016-12-31,2016,,Not specified,,132157471,
AFG,512,Afghanistan 2016,HAFG16,2016-01-01,2016-12-31,2016,,Multiple clusters/sectors (shared),,0,
AFG,525,Afghanistan Flash Appeal: One million people on the move (September - December 2016),FAFG16,2016-09-01,2016-12-31,2016,199,Emergency Shelter and NFIs,28000000,,
AFG,525,Afghanistan Flash Appeal: One million people on the move (September - December 2016),FAFG16,2016-09-01,2016-12-31,2016,198,Food Security and Agriculture,30500000,7766779,25
AFG,525,Afghanistan Flash Appeal: One million people on the move (September - December 2016),FAFG16,2016-09-01,2016-12-31,2016,201,Health,5400000,,
AFG,525,Afghanistan Flash Appeal: One million people on the move (September - December 2016),FAFG16,2016-09-01,2016-12-31,2016,203,Nutirition,1000000,,
AFG,525,Afghanistan Flash Appeal: One million people on the move (September - December 2016),FAFG16,2016-09-01,2016-12-31,2016,200,Protection,10000000,5000000,50
AFG,525,Afghanistan Flash Appeal: One million people on the move (September - December 2016),FAFG16,2016-09-01,2016-12-31,2016,197,Refugees and Returnees,73200000,47608789,65
AFG,525,Afghanistan Flash Appeal: One million people on the move (September - December 2016),FAFG16,2016-09-01,2016-12-31,2016,202,"Water, Sanitation and Hygiene",4000000,,
AFG,525,Afghanistan Flash Appeal: One million people on the move (September - December 2016),FAFG16,2016-09-01,2016-12-31,2016,,Not specified,,8119420,
AFG,525,Afghanistan Flash Appeal: One million people on the move (September - December 2016),FAFG16,2016-09-01,2016-12-31,2016,,Multiple clusters/sectors (shared),,0,
AFG,462,Afghanistan 2015,HAFG15,2015-01-01,2015-12-31,2015,2828,COORDINATION AND SUPPORT SERVICES,11500000,12729875,111
AFG,462,Afghanistan 2015,HAFG15,2015-01-01,2015-12-31,2015,2820,EMERGENCY SHELTER AND NFIs,39917000,5470535,14
AFG,462,Afghanistan 2015,HAFG15,2015-01-01,2015-12-31,2015,2822,FOOD SECURITY AND AGRICULTURE,92114950,44885889,49
AFG,462,Afghanistan 2015,HAFG15,2015-01-01,2015-12-31,2015,2823,HEALTH,38834700,22686163,58
AFG,462,Afghanistan 2015,HAFG15,2015-01-01,2015-12-31,2015,2818,LOGISTICS/ UNHAS Flights,16800000,13164372,78
AFG,462,Afghanistan 2015,HAFG15,2015-01-01,2015-12-31,2015,2824,MULTI-SECTOR,88945605,18350703,21
AFG,462,Afghanistan 2015,HAFG15,2015-01-01,2015-12-31,2015,2825,NUTRITION,63262622,41622537,66
AFG,462,Afghanistan 2015,HAFG15,2015-01-01,2015-12-31,2015,2826,PROTECTION,39959655,9605905,24
AFG,462,Afghanistan 2015,HAFG15,2015-01-01,2015-12-31,2015,2827,"WATER,SANITATION AND HYGIENE",25331600,16827935,66
AFG,462,Afghanistan 2015,HAFG15,2015-01-01,2015-12-31,2015,,Not specified,,147176144,
AFG,462,Afghanistan 2015,HAFG15,2015-01-01,2015-12-31,2015,,Multiple clusters/sectors (shared),,0,
AFG,426,Afghanistan 2014,HAFG14,2014-01-01,2014-12-31,2014,2456,COORDINATION AND SUPPORT SERVICES,11679732,15853948,136
AFG,426,Afghanistan 2014,HAFG14,2014-01-01,2014-12-31,2014,2448,EMERGENCY SHELTER AND NFIs,28744000,19520480,68
AFG,426,Afghanistan 2014,HAFG14,2014-01-01,2014-12-31,2014,2450,FOOD SECURITY AND AGRICULTURE,148955000,62399918,42
AFG,426,Afghanistan 2014,HAFG14,2014-01-01,2014-12-31,2014,2451,HEALTH,43600000,18287484,42
AFG,426,Afghanistan 2014,HAFG14,2014-01-01,2014-12-31,2014,2446,LOGISTICS/ UNHAS Flights,20238873,17400755,86
AFG,426,Afghanistan 2014,HAFG14,2014-01-01,2014-12-31,2014,2452,MULTI-SECTOR,58090000,48396611,83
AFG,426,Afghanistan 2014,HAFG14,2014-01-01,2014-12-31,2014,2453,NUTRITION,47900000,46691634,97
AFG,426,Afghanistan 2014,HAFG14,2014-01-01,2014-12-31,2014,2454,PROTECTION,30722290,24304980,79
AFG,426,Afghanistan 2014,HAFG14,2014-01-01,2014-12-31,2014,2455,"WATER,SANITATION AND HYGIENE",16500000,10542083,64
AFG,426,Afghanistan 2014,HAFG14,2014-01-01,2014-12-31,2014,,Not specified,,102225807,
AFG,426,Afghanistan 2014,HAFG14,2014-01-01,2014-12-31,2014,,Multiple clusters/sectors (shared),,0,
AFG,399,Afghanistan 2013,CAFG13,2013-01-01,2013-12-31,2013,1261,COORDINATION AND SUPPORT SERVICES,30362477,21939152,72
AFG,399,Afghanistan 2013,CAFG13,2013-01-01,2013-12-31,2013,1252,EDUCATION,8511000,2477111,29
AFG,399,Afghanistan 2013,CAFG13,2013-01-01,2013-12-31,2013,1253,EMERGENCY SHELTER AND NFIs,20021000,32197337,161
AFG,399,Afghanistan 2013,CAFG13,2013-01-01,2013-12-31,2013,1255,FOOD SECURITY AND AGRICULTURE,103428067,60854418,59
AFG,399,Afghanistan 2013,CAFG13,2013-01-01,2013-12-31,2013,1256,HEALTH,16913808,14299770,85
AFG,399,Afghanistan 2013,CAFG13,2013-01-01,2013-12-31,2013,1257,MULTI-SECTOR,113878660,39021965,34
AFG,399,Afghanistan 2013,CAFG13,2013-01-01,2013-12-31,2013,1258,NUTRITION,43473613,71547920,165
AFG,399,Afghanistan 2013,CAFG13,2013-01-01,2013-12-31,2013,1259,PROTECTION,111839755,60929067,54
AFG,399,Afghanistan 2013,CAFG13,2013-01-01,2013-12-31,2013,1260,"WATER,SANITATION AND HYGIENE",26000000,24231415,93
AFG,399,Afghanistan 2013,CAFG13,2013-01-01,2013-12-31,2013,,Not specified,,17748452,
AFG,399,Afghanistan 2013,CAFG13,2013-01-01,2013-12-31,2013,,Multiple clusters/sectors (shared),,0,
AFG,370,Afghanistan 2012,CAFG1112,2011-11-30,2012-12-31,2012,999,COORDINATION,15194988,6143484,40
AFG,370,Afghanistan 2012,CAFG1112,2011-11-30,2012-12-31,2012,990,EDUCATION,20867803,6173884,30
AFG,370,Afghanistan 2012,CAFG1112,2011-11-30,2012-12-31,2012,991,EMERGENCY SHELTER,28280274,10801023,38
AFG,370,Afghanistan 2012,CAFG1112,2011-11-30,2012-12-31,2012,992,EMERGENCY TELECOMMUNICATIONS,200000,,
AFG,370,Afghanistan 2012,CAFG1112,2011-11-30,2012-12-31,2012,993,FOOD SECURITY AND AGRICULTURE,114714978,63201888,55
AFG,370,Afghanistan 2012,CAFG1112,2011-11-30,2012-12-31,2012,994,HEALTH,32857092,11446222,35
AFG,370,Afghanistan 2012,CAFG1112,2011-11-30,2012-12-31,2012,989,LOGISTICS,21970768,16001069,73
AFG,370,Afghanistan 2012,CAFG1112,2011-11-30,2012-12-31,2012,995,MULTI-SECTOR,122248551,50711601,41
AFG,370,Afghanistan 2012,CAFG1112,2011-11-30,2012-12-31,2012,996,NUTRITION,49740332,25645009,52
AFG,370,Afghanistan 2012,CAFG1112,2011-11-30,2012-12-31,2012,997,PROTECTION,16050444,12601794,79
AFG,370,Afghanistan 2012,CAFG1112,2011-11-30,2012-12-31,2012,998,"WATER,SANITATION AND HYGIENE",26426092,15154074,57
AFG,370,Afghanistan 2012,CAFG1112,2011-11-30,2012-12-31,2012,,Not specified,,5944877,
AFG,370,Afghanistan 2012,CAFG1112,2011-11-30,2012-12-31,2012,,Multiple clusters/sectors (shared),,0,
AFG,354,Afghanistan 2011,CAFG11,2011-01-01,2011-12-31,2011,855,COMMON SERVICES,21117110,16490576,78
AFG,354,Afghanistan 2011,CAFG11,2011-01-01,2011-12-31,2011,865,COORDINATION,13203271,14172587,107
AFG,354,Afghanistan 2011,CAFG11,2011-01-01,2011-12-31,2011,856,EDUCATION,6646083,4590738,69
AFG,354,Afghanistan 2011,CAFG11,2011-01-01,2011-12-31,2011,857,EMERGENCY SHELTER,34939026,7402569,21
AFG,354,Afghanistan 2011,CAFG11,2011-01-01,2011-12-31,2011,858,EMERGENCY TELECOMMUNICATIONS,510000,,
AFG,354,Afghanistan 2011,CAFG11,2011-01-01,2011-12-31,2011,859,FOOD SECURITY AND AGRICULTURE,330337502,258138303,78
AFG,354,Afghanistan 2011,CAFG11,2011-01-01,2011-12-31,2011,860,HEALTH,12299239,14129133,115
AFG,354,Afghanistan 2011,CAFG11,2011-01-01,2011-12-31,2011,861,MULTI-SECTOR,90130706,31479038,35
AFG,354,Afghanistan 2011,CAFG11,2011-01-01,2011-12-31,2011,862,NUTRITION,45974398,31251364,68
AFG,354,Afghanistan 2011,CAFG11,2011-01-01,2011-12-31,2011,863,PROTECTION,8614888,6217881,72
AFG,354,Afghanistan 2011,CAFG11,2011-01-01,2011-12-31,2011,864,"WATER,SANITATION AND HYGIENE",18546404,13023300,70
AFG,354,Afghanistan 2011,CAFG11,2011-01-01,2011-12-31,2011,,Not specified,,29632614,
AFG,354,Afghanistan 2011,CAFG11,2011-01-01,2011-12-31,2011,,Multiple clusters/sectors (shared),,0,
AFG,325,Afghanistan Humanitarian Action Plan 2010,CAFG10,2010-01-01,2010-12-31,2010,736,COMMON SERVICES,27064925,22859926,84
AFG,325,Afghanistan Humanitarian Action Plan 2010,CAFG10,2010-01-01,2010-12-31,2010,737,EDUCATION ,33144241,621911,2
AFG,325,Afghanistan Humanitarian Action Plan 2010,CAFG10,2010-01-01,2010-12-31,2010,738,EMERGENCY SHELTER,50802560,31890043,63
AFG,325,Afghanistan Humanitarian Action Plan 2010,CAFG10,2010-01-01,2010-12-31,2010,740,FOOD SECURITY AND AGRICULTURE ,368691762,276658180,75
AFG,325,Afghanistan Humanitarian Action Plan 2010,CAFG10,2010-01-01,2010-12-31,2010,741,HEALTH,12702186,6236306,49
AFG,325,Afghanistan Humanitarian Action Plan 2010,CAFG10,2010-01-01,2010-12-31,2010,742,MULTI-SECTOR ,79714395,47842527,60
AFG,325,Afghanistan Humanitarian Action Plan 2010,CAFG10,2010-01-01,2010-12-31,2010,744,NUTRITION,8669571,6263336,72
AFG,325,Afghanistan Humanitarian Action Plan 2010,CAFG10,2010-01-01,2010-12-31,2010,745,PROTECTION,154274534,102737057,67
AFG,325,Afghanistan Humanitarian Action Plan 2010,CAFG10,2010-01-01,2010-12-31,2010,746,"WATER, SANITATION AND HYGIENE",39444136,7983666,20
AFG,325,Afghanistan Humanitarian Action Plan 2010,CAFG10,2010-01-01,2010-12-31,2010,,Not specified,,2206951,
AFG,325,Afghanistan Humanitarian Action Plan 2010,CAFG10,2010-01-01,2010-12-31,2010,,Multiple clusters/sectors (shared),,0,
AFG,307,Afghanistan Humanitarian Action Plan 2009,CAFG09,2009-01-01,2009-12-31,2009,602,Common Services ,30181446,35062614,116
AFG,307,Afghanistan Humanitarian Action Plan 2009,CAFG09,2009-01-01,2009-12-31,2009,594,Education,17394371,27715522,159
AFG,307,Afghanistan Humanitarian Action Plan 2009,CAFG09,2009-01-01,2009-12-31,2009,595,Emergency Shelter,36141262,25472179,70
AFG,307,Afghanistan Humanitarian Action Plan 2009,CAFG09,2009-01-01,2009-12-31,2009,596,Emergency Telecommunications,330167,330167,100
AFG,307,Afghanistan Humanitarian Action Plan 2009,CAFG09,2009-01-01,2009-12-31,2009,597,Food Security and Agriculture,352502935,343597498,97
AFG,307,Afghanistan Humanitarian Action Plan 2009,CAFG09,2009-01-01,2009-12-31,2009,598,Health,37176839,1905356,5
AFG,307,Afghanistan Humanitarian Action Plan 2009,CAFG09,2009-01-01,2009-12-31,2009,605,Multi-Sector,42106632,27927321,66
AFG,307,Afghanistan Humanitarian Action Plan 2009,CAFG09,2009-01-01,2009-12-31,2009,603,Not Yet SpecifIied,,38846946,
AFG,307,Afghanistan Humanitarian Action Plan 2009,CAFG09,2009-01-01,2009-12-31,2009,599,Nutrition,6769364,1271380,19
AFG,307,Afghanistan Humanitarian Action Plan 2009,CAFG09,2009-01-01,2009-12-31,2009,600,Protection,119457702,32352913,27
AFG,307,Afghanistan Humanitarian Action Plan 2009,CAFG09,2009-01-01,2009-12-31,2009,601,"Water, Sanitation and Hygiene",22862337,9305892,41
AFG,307,Afghanistan Humanitarian Action Plan 2009,CAFG09,2009-01-01,2009-12-31,2009,,Not specified,,-36063952,
AFG,307,Afghanistan Humanitarian Action Plan 2009,CAFG09,2009-01-01,2009-12-31,2009,,Multiple clusters/sectors (shared),,0,
AFG,272,Afghanistan Joint Appeal 2008: Humanitarian Consequences of Rise in Food Prices (February - June 2008),OAFG08,2008-02-01,2008-06-30,2008,,Not specified,,75038024,
AFG,272,Afghanistan Joint Appeal 2008: Humanitarian Consequences of Rise in Food Prices (February - June 2008),OAFG08,2008-02-01,2008-06-30,2008,,Multiple clusters/sectors (shared),,0,
AFG,283,Afghanistan Joint Emergency Appeal 2008: High Food Price and Drought Crisis (July 2008 - June 2009),OAFG0809,2008-07-01,2009-06-30,2008,2133,AGRICULTURAL RECOVERY ,176707600,57152879,32
AFG,283,Afghanistan Joint Emergency Appeal 2008: High Food Price and Drought Crisis (July 2008 - June 2009),OAFG0809,2008-07-01,2009-06-30,2008,2128,FOOD SECURITY,203055924,136627075,67
AFG,283,Afghanistan Joint Emergency Appeal 2008: High Food Price and Drought Crisis (July 2008 - June 2009),OAFG0809,2008-07-01,2009-06-30,2008,2132,HEALTH,8090000,1195425,15
AFG,283,Afghanistan Joint Emergency Appeal 2008: High Food Price and Drought Crisis (July 2008 - June 2009),OAFG0809,2008-07-01,2009-06-30,2008,2129,NUTRITION,2875340,447795,16
AFG,283,Afghanistan Joint Emergency Appeal 2008: High Food Price and Drought Crisis (July 2008 - June 2009),OAFG0809,2008-07-01,2009-06-30,2008,2134,PROTECTION,502900,,
AFG,283,Afghanistan Joint Emergency Appeal 2008: High Food Price and Drought Crisis (July 2008 - June 2009),OAFG0809,2008-07-01,2009-06-30,2008,2131,"WATER, SANITATION AND HYGIENE",8556000,3704720,43
AFG,283,Afghanistan Joint Emergency Appeal 2008: High Food Price and Drought Crisis (July 2008 - June 2009),OAFG0809,2008-07-01,2009-06-30,2008,,Not specified,,2824970,
AFG,283,Afghanistan Joint Emergency Appeal 2008: High Food Price and Drought Crisis (July 2008 - June 2009),OAFG0809,2008-07-01,2009-06-30,2008,,Multiple clusters/sectors (shared),,0,
AFG,213,Afghanistan Drought Joint Appeal 2006,OAFG06,2006-07-01,2006-12-31,2006,,Not specified,,63620911,
AFG,213,Afghanistan Drought Joint Appeal 2006,OAFG06,2006-07-01,2006-12-31,2006,,Multiple clusters/sectors (shared),,0,
AFG,176,Afghanistan UN-Government Drought Appeal 2004,OAFG04,2004-09-01,2004-12-31,2004,,Not specified,,26511074,
AFG,176,Afghanistan UN-Government Drought Appeal 2004,OAFG04,2004-09-01,2004-12-31,2004,,Multiple clusters/sectors (shared),,0,
AFG,121,Afghanistan TAPA 2003,OAFG03,2003-01-01,2003-12-31,2003,,Not specified,,313948366,
AFG,121,Afghanistan TAPA 2003,OAFG03,2003-01-01,2003-12-31,2003,,Multiple clusters/sectors (shared),,0,
AFG,92,Afghanistan 2002 (ITAP for the Afghan People),CAFG0102,2001-10-01,2002-12-31,2002,,Not specified,,1196693956,
AFG,92,Afghanistan 2002 (ITAP for the Afghan People),CAFG0102,2001-10-01,2002-12-31,2002,,Multiple clusters/sectors (shared),,0,
AFG,70,Afghanistan 2001,CAFG01,2001-01-01,2001-09-30,2001,,Not specified,,2053268,
AFG,70,Afghanistan 2001,CAFG01,2001-01-01,2001-09-30,2001,,Multiple clusters/sectors (shared),,0,
